{
  "warnings": [
    {
      "file": "/Users/jshier/Desktop/Code/Alamofire/Source/Combine.swift",
      "line": 242,
      "symbol": "DataStreamPublisher",
      "symbol_kind": "source.lang.swift.decl.struct",
      "warning": "undocumented"
    },
    {
      "file": "/Users/jshier/Desktop/Code/Alamofire/Source/EventMonitor.swift",
      "line": 290,
      "symbol": "EventMonitor.request(_:didParseResponse:)",
      "symbol_kind": "source.lang.swift.decl.function.method.instance",
      "warning": "undocumented"
    },
    {
      "file": "/Users/jshier/Desktop/Code/Alamofire/Source/EventMonitor.swift",
      "line": 291,
      "symbol": "EventMonitor.request(_:didParseResponse:)",
      "symbol_kind": "source.lang.swift.decl.function.method.instance",
      "warning": "undocumented"
    },
    {
      "file": "/Users/jshier/Desktop/Code/Alamofire/Source/EventMonitor.swift",
      "line": 307,
      "symbol": "EventMonitor.request(_:didParseResponse:)",
      "symbol_kind": "source.lang.swift.decl.function.method.instance",
      "warning": "undocumented"
    },
    {
      "file": "/Users/jshier/Desktop/Code/Alamofire/Source/EventMonitor.swift",
      "line": 308,
      "symbol": "EventMonitor.request(_:didParseResponse:)",
      "symbol_kind": "source.lang.swift.decl.function.method.instance",
      "warning": "undocumented"
    },
    {
      "file": "/Users/jshier/Desktop/Code/Alamofire/Source/ResponseSerialization.swift",
      "line": 84,
      "symbol": "PassthroughPreprocessor.init()",
      "symbol_kind": "source.lang.swift.decl.function.method.instance",
      "warning": "undocumented"
    },
    {
      "file": "/Users/jshier/Desktop/Code/Alamofire/Source/ResponseSerialization.swift",
      "line": 91,
      "symbol": "GoogleXSSIPreprocessor.init()",
      "symbol_kind": "source.lang.swift.decl.function.method.instance",
      "warning": "undocumented"
    },
    {
      "file": "/Users/jshier/Desktop/Code/Alamofire/Source/SessionDelegate.swift",
      "line": 73,
      "symbol": "SessionDelegate.urlSession(_:didBecomeInvalidWithError:)",
      "symbol_kind": "source.lang.swift.decl.function.method.instance",
      "warning": "undocumented"
    },
    {
      "file": "/Users/jshier/Desktop/Code/Alamofire/Source/SessionDelegate.swift",
      "line": 86,
      "symbol": "SessionDelegate.urlSession(_:task:didReceive:completionHandler:)",
      "symbol_kind": "source.lang.swift.decl.function.method.instance",
      "warning": "undocumented"
    },
    {
      "file": "/Users/jshier/Desktop/Code/Alamofire/Source/SessionDelegate.swift",
      "line": 157,
      "symbol": "SessionDelegate.urlSession(_:task:didSendBodyData:totalBytesSent:totalBytesExpectedToSend:)",
      "symbol_kind": "source.lang.swift.decl.function.method.instance",
      "warning": "undocumented"
    },
    {
      "file": "/Users/jshier/Desktop/Code/Alamofire/Source/SessionDelegate.swift",
      "line": 172,
      "symbol": "SessionDelegate.urlSession(_:task:needNewBodyStream:)",
      "symbol_kind": "source.lang.swift.decl.function.method.instance",
      "warning": "undocumented"
    },
    {
      "file": "/Users/jshier/Desktop/Code/Alamofire/Source/SessionDelegate.swift",
      "line": 186,
      "symbol": "SessionDelegate.urlSession(_:task:willPerformHTTPRedirection:newRequest:completionHandler:)",
      "symbol_kind": "source.lang.swift.decl.function.method.instance",
      "warning": "undocumented"
    },
    {
      "file": "/Users/jshier/Desktop/Code/Alamofire/Source/SessionDelegate.swift",
      "line": 200,
      "symbol": "SessionDelegate.urlSession(_:task:didFinishCollecting:)",
      "symbol_kind": "source.lang.swift.decl.function.method.instance",
      "warning": "undocumented"
    },
    {
      "file": "/Users/jshier/Desktop/Code/Alamofire/Source/SessionDelegate.swift",
      "line": 208,
      "symbol": "SessionDelegate.urlSession(_:task:didCompleteWithError:)",
      "symbol_kind": "source.lang.swift.decl.function.method.instance",
      "warning": "undocumented"
    },
    {
      "file": "/Users/jshier/Desktop/Code/Alamofire/Source/SessionDelegate.swift",
      "line": 219,
      "symbol": "SessionDelegate.urlSession(_:taskIsWaitingForConnectivity:)",
      "symbol_kind": "source.lang.swift.decl.function.method.instance",
      "warning": "undocumented"
    },
    {
      "file": "/Users/jshier/Desktop/Code/Alamofire/Source/SessionDelegate.swift",
      "line": 227,
      "symbol": "SessionDelegate.urlSession(_:dataTask:didReceive:)",
      "symbol_kind": "source.lang.swift.decl.function.method.instance",
      "warning": "undocumented"
    },
    {
      "file": "/Users/jshier/Desktop/Code/Alamofire/Source/SessionDelegate.swift",
      "line": 240,
      "symbol": "SessionDelegate.urlSession(_:dataTask:willCacheResponse:completionHandler:)",
      "symbol_kind": "source.lang.swift.decl.function.method.instance",
      "warning": "undocumented"
    },
    {
      "file": "/Users/jshier/Desktop/Code/Alamofire/Source/SessionDelegate.swift",
      "line": 257,
      "symbol": "SessionDelegate.urlSession(_:downloadTask:didResumeAtOffset:expectedTotalBytes:)",
      "symbol_kind": "source.lang.swift.decl.function.method.instance",
      "warning": "undocumented"
    },
    {
      "file": "/Users/jshier/Desktop/Code/Alamofire/Source/SessionDelegate.swift",
      "line": 274,
      "symbol": "SessionDelegate.urlSession(_:downloadTask:didWriteData:totalBytesWritten:totalBytesExpectedToWrite:)",
      "symbol_kind": "source.lang.swift.decl.function.method.instance",
      "warning": "undocumented"
    },
    {
      "file": "/Users/jshier/Desktop/Code/Alamofire/Source/SessionDelegate.swift",
      "line": 293,
      "symbol": "SessionDelegate.urlSession(_:downloadTask:didFinishDownloadingTo:)",
      "symbol_kind": "source.lang.swift.decl.function.method.instance",
      "warning": "undocumented"
    },
    {
      "file": "/Users/jshier/Desktop/Code/Alamofire/Source/URLEncodedFormEncoder.swift",
      "line": 600,
      "symbol": "_URLEncodedFormEncoder.KeyedContainer",
      "symbol_kind": "source.lang.swift.decl.extension",
      "warning": "undocumented"
    },
    {
      "file": "/Users/jshier/Desktop/Code/Alamofire/Source/URLEncodedFormEncoder.swift",
      "line": 692,
      "symbol": "_URLEncodedFormEncoder.SingleValueContainer",
      "symbol_kind": "source.lang.swift.decl.extension",
      "warning": "undocumented"
    },
    {
      "file": "/Users/jshier/Desktop/Code/Alamofire/Source/URLEncodedFormEncoder.swift",
      "line": 830,
      "symbol": "_URLEncodedFormEncoder.UnkeyedContainer",
      "symbol_kind": "source.lang.swift.decl.extension",
      "warning": "undocumented"
    },
    {
      "file": "/Users/jshier/Desktop/Code/Alamofire/Source/URLRequest+Alamofire.swift",
      "line": 34,
      "symbol": "URLRequest.validate()",
      "symbol_kind": "source.lang.swift.decl.function.method.instance",
      "warning": "undocumented"
    }
  ],
  "source_directory": "/Users/jshier/Desktop/Code/Alamofire"
}